Order ID,Order Date,Customer Name,State,City
ORD1000,2024-01-01,Kelli Powers,Azad Kashmir,Bagh
ORD1001,2024-01-01,Stephanie Norris,Balochistan,Turbat
ORD1002,2024-01-02,Gregory Russell,Khyber Pakhtunkhwa,Peshawar
ORD1003,2024-01-03,Timothy Allen,Khyber Pakhtunkhwa,Abbottabad
ORD1004,2024-01-03,Eric Gardner,Khyber Pakhtunkhwa,Peshawar
ORD1005,2024-01-04,Brian Richard,Azad Kashmir,Muzaffarabad
ORD1006,2024-01-05,Angela Thomas,Azad Kashmir,Mirpur
ORD1007,2024-01-06,Amy Williams,Sindh,Sukkur
ORD1008,2024-01-06,Ryan Whitney,Azad Kashmir,Rawalakot
ORD1009,2024-01-07,Michele Thompson,Punjab,Lahore
ORD1010,2024-01-08,Sonya Green,Sindh,Hyderabad
ORD1011,2024-01-09,Rose Caldwell,Khyber Pakhtunkhwa,Kohat
ORD1012,2024-01-09,James Johnson,Punjab,Lahore
ORD1013,2024-01-10,Andrew Harvey,Azad Kashmir,Muzaffarabad
ORD1014,2024-01-11,Nicole Townsend,Punjab,Lahore
ORD1015,2024-01-11,Ashley Wright,Sindh,Larkana
ORD1016,2024-01-12,Steven Harrell,Azad Kashmir,Rawalakot
ORD1017,2024-01-13,Brian Zimmerman,Khyber Pakhtunkhwa,Kohat
ORD1018,2024-01-14,Nathan Brown,Azad Kashmir,Bagh
ORD1019,2024-01-14,John Ruiz,Gilgit-Baltistan,Chilas
ORD1020,2024-01-15,Brandon Mcmahon,Khyber Pakhtunkhwa,Abbottabad
ORD1021,2024-01-16,Hailey Chandler,Gilgit-Baltistan,Khaplu
ORD1022,2024-01-17,Phyllis Morris,Punjab,Lahore
ORD1023,2024-01-17,Scott Nichols,Azad Kashmir,Muzaffarabad
ORD1024,2024-01-18,Stefanie Meadows,Balochistan,Gwadar
ORD1025,2024-01-19,Jose Park,Sindh,Hyderabad
ORD1026,2024-01-20,Brandon Morse,Gilgit-Baltistan,Hunza
ORD1027,2024-01-20,Jody Jennings,Khyber Pakhtunkhwa,Mardan
ORD1028,2024-01-21,Jose Porter,Azad Kashmir,Bagh
ORD1029,2024-01-22,Brent Delacruz,Khyber Pakhtunkhwa,Mardan
ORD1030,2024-01-22,Kimberly Gray,Balochistan,Khuzdar
ORD1031,2024-01-23,Alicia Page,Sindh,Karachi
ORD1032,2024-01-24,Kelly Waller,Punjab,Gujranwala
ORD1033,2024-01-25,Tony Peterson,Khyber Pakhtunkhwa,Abbottabad
ORD1034,2024-01-25,George Castro,Khyber Pakhtunkhwa,Peshawar
ORD1035,2024-01-26,Jeffrey Ingram,Balochistan,Khuzdar
ORD1036,2024-01-27,Vincent Garcia,Punjab,Multan
ORD1037,2024-01-28,James Cooper,Khyber Pakhtunkhwa,Mardan
ORD1038,2024-01-28,Lisa Carter,Azad Kashmir,Muzaffarabad
ORD1039,2024-01-29,Andrew Hanson,Sindh,Larkana
ORD1040,2024-01-30,Mary Williams,Gilgit-Baltistan,Hunza
ORD1041,2024-01-30,Suzanne Flores,Azad Kashmir,Muzaffarabad
ORD1042,2024-01-31,Lisa Davenport,Khyber Pakhtunkhwa,Kohat
ORD1043,2024-02-01,Sarah Murphy,Balochistan,Turbat
ORD1044,2024-02-02,Rebecca Gill,Gilgit-Baltistan,Skardu
ORD1045,2024-02-02,Paul Bush,Punjab,Multan
ORD1046,2024-02-03,Joshua Bright,Gilgit-Baltistan,Skardu
ORD1047,2024-02-04,Amber Hanna,Sindh,Sukkur
ORD1048,2024-02-05,Jacob Bennett,Punjab,Rawalpindi
ORD1049,2024-02-05,Adriana Thomas,Gilgit-Baltistan,Gilgit
ORD1050,2024-02-06,Matthew Tapia,Sindh,Karachi
ORD1051,2024-02-07,Sarah Arnold,Azad Kashmir,Bagh
ORD1052,2024-02-08,Janet Williams,Balochistan,Gwadar
ORD1053,2024-02-08,Tonya Davis,Sindh,Sukkur
ORD1054,2024-02-09,Crystal Simon,Balochistan,Sibi
ORD1055,2024-02-10,Michael Savage,Azad Kashmir,Mirpur
ORD1056,2024-02-10,Nicholas Johnson,Punjab,Multan
ORD1057,2024-02-11,Matthew Hobbs,Sindh,Larkana
ORD1058,2024-02-12,Karen Torres,Sindh,Larkana
ORD1059,2024-02-13,David Koch,Punjab,Faisalabad
ORD1060,2024-02-13,Wendy Tate,Balochistan,Sibi
ORD1061,2024-02-14,Erica Gonzalez,Gilgit-Baltistan,Chilas
ORD1062,2024-02-15,Danielle Valdez,Balochistan,Sibi
ORD1063,2024-02-16,Anna Dickerson,Punjab,Rawalpindi
ORD1064,2024-02-16,Victoria Butler,Balochistan,Gwadar
ORD1065,2024-02-17,Barbara Blackburn,Azad Kashmir,Kotli
ORD1066,2024-02-18,Heather Woods,Balochistan,Gwadar
ORD1067,2024-02-19,Keith Lopez,Gilgit-Baltistan,Gilgit
ORD1068,2024-02-19,Carmen Smith,Gilgit-Baltistan,Skardu
ORD1069,2024-02-20,William Cruz,Punjab,Lahore
ORD1070,2024-02-21,Jacqueline Gutierrez,Punjab,Faisalabad
ORD1071,2024-02-21,Jonathan Howard,Gilgit-Baltistan,Khaplu
ORD1072,2024-02-22,Thomas Owens,Gilgit-Baltistan,Khaplu
ORD1073,2024-02-23,Scott Silva,Punjab,Rawalpindi
ORD1074,2024-02-24,Andrew Flores,Azad Kashmir,Muzaffarabad
ORD1075,2024-02-24,Kayla Phillips,Azad Kashmir,Kotli
ORD1076,2024-02-25,Mary Boyd,Azad Kashmir,Muzaffarabad
ORD1077,2024-02-26,Karen Brennan,Sindh,Mirpur Khas
ORD1078,2024-02-27,Preston Wang,Azad Kashmir,Kotli
ORD1079,2024-02-27,Hannah Haley,Punjab,Gujranwala
ORD1080,2024-02-28,Chad Khan,Balochistan,Khuzdar
ORD1081,2024-02-29,Kevin Smith,Gilgit-Baltistan,Skardu
ORD1082,2024-02-29,Emily Grant,Sindh,Karachi
ORD1083,2024-03-01,Chad Horn,Azad Kashmir,Muzaffarabad
ORD1084,2024-03-02,Raven Mata,Sindh,Larkana
ORD1085,2024-03-03,Kelsey Miller,Punjab,Faisalabad
ORD1086,2024-03-03,Marcus Perez,Khyber Pakhtunkhwa,Peshawar
ORD1087,2024-03-04,Zachary Kaiser,Punjab,Faisalabad
ORD1088,2024-03-05,Kevin Cunningham,Punjab,Multan
ORD1089,2024-03-06,Scott Mendez,Azad Kashmir,Muzaffarabad
ORD1090,2024-03-06,Zachary Robinson,Khyber Pakhtunkhwa,Swat
ORD1091,2024-03-07,Crystal Chandler,Gilgit-Baltistan,Skardu
ORD1092,2024-03-08,Erica David,Azad Kashmir,Mirpur
ORD1093,2024-03-09,Cory Gonzalez,Balochistan,Khuzdar
ORD1094,2024-03-09,Tyler Morales,Khyber Pakhtunkhwa,Peshawar
ORD1095,2024-03-10,Sean Smith,Gilgit-Baltistan,Skardu
ORD1096,2024-03-11,Shelby Caldwell,Khyber Pakhtunkhwa,Swat
ORD1097,2024-03-11,Jamie Chambers,Khyber Pakhtunkhwa,Peshawar
ORD1098,2024-03-12,Allison Chandler,Gilgit-Baltistan,Hunza
ORD1099,2024-03-13,Jessica Moore,Sindh,Hyderabad
ORD1100,2024-03-14,Julia Smith,Azad Kashmir,Bagh
ORD1101,2024-03-14,Gerald Atkinson,Punjab,Faisalabad
ORD1102,2024-03-15,Christine Hodges,Gilgit-Baltistan,Skardu
ORD1103,2024-03-16,Stephanie Ayala,Punjab,Faisalabad
ORD1104,2024-03-17,Karen Smith,Azad Kashmir,Rawalakot
ORD1105,2024-03-17,Erica Powers,Sindh,Sukkur
ORD1106,2024-03-18,Matthew Baker,Gilgit-Baltistan,Skardu
ORD1107,2024-03-19,Thomas Hartman,Khyber Pakhtunkhwa,Abbottabad
ORD1108,2024-03-19,Shane Jones,Khyber Pakhtunkhwa,Swat
ORD1109,2024-03-20,Anna Hughes,Azad Kashmir,Rawalakot
ORD1110,2024-03-21,Christopher Morrow,Balochistan,Sibi
ORD1111,2024-03-22,Joseph Colon,Khyber Pakhtunkhwa,Swat
ORD1112,2024-03-22,Stephen Jackson,Gilgit-Baltistan,Skardu
ORD1113,2024-03-23,Roberto Lawrence,Gilgit-Baltistan,Gilgit
ORD1114,2024-03-24,Ricky King,Gilgit-Baltistan,Hunza
ORD1115,2024-03-25,Eric Griffin,Balochistan,Gwadar
ORD1116,2024-03-25,Lisa Jones,Azad Kashmir,Kotli
ORD1117,2024-03-26,Angela Ray,Sindh,Mirpur Khas
ORD1118,2024-03-27,Mckenzie Bishop,Azad Kashmir,Bagh
ORD1119,2024-03-28,Amanda Evans,Khyber Pakhtunkhwa,Swat
ORD1120,2024-03-28,John Harris,Balochistan,Turbat
ORD1121,2024-03-29,Virginia Rogers,Punjab,Lahore
ORD1122,2024-03-30,Edward Brown,Punjab,Gujranwala
ORD1123,2024-03-30,Rhonda Williams,Balochistan,Quetta
ORD1124,2024-03-31,Angela Duncan,Punjab,Lahore
ORD1125,2024-04-01,Luis Ewing,Azad Kashmir,Muzaffarabad
ORD1126,2024-04-02,Kenneth Pacheco,Gilgit-Baltistan,Chilas
ORD1127,2024-04-02,Gary Terry,Gilgit-Baltistan,Hunza
ORD1128,2024-04-03,Kevin Thomas,Balochistan,Gwadar
ORD1129,2024-04-04,Ronald Murray,Azad Kashmir,Mirpur
ORD1130,2024-04-05,Travis Davis,Balochistan,Turbat
ORD1131,2024-04-05,Jacqueline Dominguez,Azad Kashmir,Kotli
ORD1132,2024-04-06,Amy Norris,Balochistan,Gwadar
ORD1133,2024-04-07,Jessica Sullivan,Azad Kashmir,Mirpur
ORD1134,2024-04-08,Jessica Gray,Khyber Pakhtunkhwa,Abbottabad
ORD1135,2024-04-08,Alicia Martinez,Sindh,Larkana
ORD1136,2024-04-09,Kenneth Roberts,Azad Kashmir,Kotli
ORD1137,2024-04-10,Logan Rowe,Punjab,Lahore
ORD1138,2024-04-10,Christina Fernandez,Azad Kashmir,Kotli
ORD1139,2024-04-11,Ryan Brown,Gilgit-Baltistan,Gilgit
ORD1140,2024-04-12,Daniel Mathis,Sindh,Sukkur
ORD1141,2024-04-13,Danny Gardner,Balochistan,Khuzdar
ORD1142,2024-04-13,Jason Christensen,Punjab,Gujranwala
ORD1143,2024-04-14,Michael Graham,Sindh,Mirpur Khas
ORD1144,2024-04-15,Brandi Flores,Azad Kashmir,Bagh
ORD1145,2024-04-16,Amy Wilson,Sindh,Mirpur Khas
ORD1146,2024-04-16,Taylor Gallegos,Punjab,Multan
ORD1147,2024-04-17,Samuel Rodriguez,Azad Kashmir,Rawalakot
ORD1148,2024-04-18,Sheryl Espinoza,Gilgit-Baltistan,Khaplu
ORD1149,2024-04-18,Mary Reilly,Gilgit-Baltistan,Chilas
ORD1150,2024-04-19,Justin Fuentes,Balochistan,Quetta
ORD1151,2024-04-20,Angela Stephens,Azad Kashmir,Bagh
ORD1152,2024-04-21,Marissa Bean,Punjab,Rawalpindi
ORD1153,2024-04-21,Dustin Bond,Punjab,Faisalabad
ORD1154,2024-04-22,Lindsey Johnson,Gilgit-Baltistan,Hunza
ORD1155,2024-04-23,James Stewart,Punjab,Rawalpindi
ORD1156,2024-04-24,Jose Evans,Khyber Pakhtunkhwa,Swat
ORD1157,2024-04-24,Ray Lane,Khyber Pakhtunkhwa,Peshawar
ORD1158,2024-04-25,Kim Horne,Khyber Pakhtunkhwa,Kohat
ORD1159,2024-04-26,James Roberson,Balochistan,Gwadar
ORD1160,2024-04-27,Rachel Johnson,Azad Kashmir,Bagh
ORD1161,2024-04-27,Michael Petty,Balochistan,Gwadar
ORD1162,2024-04-28,David Perry,Balochistan,Quetta
ORD1163,2024-04-29,Jacqueline Larson,Khyber Pakhtunkhwa,Peshawar
ORD1164,2024-04-29,Mark Rivera,Punjab,Rawalpindi
ORD1165,2024-04-30,Timothy Bonilla,Punjab,Lahore
ORD1166,2024-05-01,Suzanne Mcdonald,Balochistan,Turbat
ORD1167,2024-05-02,Scott Olson,Gilgit-Baltistan,Skardu
ORD1168,2024-05-02,Laura Carter,Azad Kashmir,Muzaffarabad
ORD1169,2024-05-03,Patrick Costa,Punjab,Faisalabad
ORD1170,2024-05-04,Wesley Baird,Azad Kashmir,Rawalakot
ORD1171,2024-05-05,Sean Wells,Balochistan,Quetta
ORD1172,2024-05-05,Jean Meyer,Azad Kashmir,Rawalakot
ORD1173,2024-05-06,Eric Jones,Khyber Pakhtunkhwa,Kohat
ORD1174,2024-05-07,Cathy Hutchinson,Balochistan,Sibi
ORD1175,2024-05-08,Jerry Morrison,Balochistan,Quetta
ORD1176,2024-05-08,Shawna Sims,Punjab,Rawalpindi
ORD1177,2024-05-09,Nicholas Washington,Azad Kashmir,Mirpur
ORD1178,2024-05-10,Krystal Lloyd,Sindh,Sukkur
ORD1179,2024-05-10,Mason Glass,Khyber Pakhtunkhwa,Swat
ORD1180,2024-05-11,Jason Wagner,Sindh,Karachi
ORD1181,2024-05-12,Christopher Mclaughlin,Khyber Pakhtunkhwa,Swat
ORD1182,2024-05-13,Debra Reed,Khyber Pakhtunkhwa,Swat
ORD1183,2024-05-13,Kristen Chavez,Punjab,Multan
ORD1184,2024-05-14,Christina Lee,Khyber Pakhtunkhwa,Peshawar
ORD1185,2024-05-15,Steven Lara,Punjab,Gujranwala
ORD1186,2024-05-16,Jesse Mcgee,Balochistan,Quetta
ORD1187,2024-05-16,Sean Holland,Gilgit-Baltistan,Hunza
ORD1188,2024-05-17,James Hernandez,Sindh,Sukkur
ORD1189,2024-05-18,Kenneth Roberts,Khyber Pakhtunkhwa,Peshawar
ORD1190,2024-05-18,Katherine Schmidt,Balochistan,Khuzdar
ORD1191,2024-05-19,Michelle Smith,Khyber Pakhtunkhwa,Mardan
ORD1192,2024-05-20,Anita Byrd,Sindh,Mirpur Khas
ORD1193,2024-05-21,Gregory Arroyo,Balochistan,Gwadar
ORD1194,2024-05-21,Ryan Hammond,Sindh,Mirpur Khas
ORD1195,2024-05-22,Misty Johnson,Gilgit-Baltistan,Chilas
ORD1196,2024-05-23,David Cowan,Khyber Pakhtunkhwa,Swat
ORD1197,2024-05-24,Jeremy Martinez,Sindh,Larkana
ORD1198,2024-05-24,Sierra Sanford,Sindh,Sukkur
ORD1199,2024-05-25,Cameron Mclean,Khyber Pakhtunkhwa,Swat
ORD1200,2024-05-26,Lawrence Walton,Gilgit-Baltistan,Skardu
ORD1201,2024-05-27,Michael Brown,Gilgit-Baltistan,Khaplu
ORD1202,2024-05-27,John Gregory,Azad Kashmir,Bagh
ORD1203,2024-05-28,James Hernandez,Gilgit-Baltistan,Chilas
ORD1204,2024-05-29,Robert Pearson,Sindh,Larkana
ORD1205,2024-05-29,Tiffany Bell,Balochistan,Quetta
ORD1206,2024-05-30,Scott Figueroa,Gilgit-Baltistan,Gilgit
ORD1207,2024-05-31,Jeffrey Long,Khyber Pakhtunkhwa,Peshawar
ORD1208,2024-06-01,Diana Rivera,Azad Kashmir,Kotli
ORD1209,2024-06-01,John Shields,Khyber Pakhtunkhwa,Mardan
ORD1210,2024-06-02,Sarah White,Punjab,Gujranwala
ORD1211,2024-06-03,Laura Wood,Gilgit-Baltistan,Gilgit
ORD1212,2024-06-04,Alyssa Adams,Azad Kashmir,Bagh
ORD1213,2024-06-04,Mark Butler,Khyber Pakhtunkhwa,Kohat
ORD1214,2024-06-05,John Clark,Sindh,Karachi
ORD1215,2024-06-06,Kristie English,Balochistan,Quetta
ORD1216,2024-06-06,Heidi Chaney,Azad Kashmir,Kotli
ORD1217,2024-06-07,Julie Fischer,Khyber Pakhtunkhwa,Kohat
ORD1218,2024-06-08,Linda Diaz,Sindh,Hyderabad
ORD1219,2024-06-09,Holly Fuller,Punjab,Multan
ORD1220,2024-06-09,Ryan Cameron,Punjab,Faisalabad
ORD1221,2024-06-10,Zachary Walker,Gilgit-Baltistan,Hunza
ORD1222,2024-06-11,Steven Klein,Sindh,Larkana
ORD1223,2024-06-12,Ronald Blackwell,Gilgit-Baltistan,Gilgit
ORD1224,2024-06-12,Victoria Campbell,Sindh,Karachi
ORD1225,2024-06-13,Dawn Dennis,Sindh,Karachi
ORD1226,2024-06-14,Alan Baker,Azad Kashmir,Kotli
ORD1227,2024-06-15,Megan Reyes,Gilgit-Baltistan,Chilas
ORD1228,2024-06-15,Lynn Ramos,Gilgit-Baltistan,Hunza
ORD1229,2024-06-16,Laura Johnson,Sindh,Larkana
ORD1230,2024-06-17,Andrew Lam,Azad Kashmir,Kotli
ORD1231,2024-06-17,Marisa Holt,Balochistan,Khuzdar
ORD1232,2024-06-18,Jacob Griffin,Khyber Pakhtunkhwa,Peshawar
ORD1233,2024-06-19,Timothy Bradley,Punjab,Gujranwala
ORD1234,2024-06-20,Diana Wilson,Azad Kashmir,Muzaffarabad
ORD1235,2024-06-20,Christopher Clark,Sindh,Sukkur
ORD1236,2024-06-21,Shelby Sharp,Gilgit-Baltistan,Chilas
ORD1237,2024-06-22,Troy Miller,Khyber Pakhtunkhwa,Kohat
ORD1238,2024-06-23,Alexis Brown,Azad Kashmir,Rawalakot
ORD1239,2024-06-23,Eileen Frank,Punjab,Lahore
ORD1240,2024-06-24,Jason Garrett,Gilgit-Baltistan,Chilas
ORD1241,2024-06-25,Darren Copeland,Azad Kashmir,Bagh
ORD1242,2024-06-26,Lori Schmitt,Balochistan,Sibi
ORD1243,2024-06-26,Martha Raymond,Khyber Pakhtunkhwa,Abbottabad
ORD1244,2024-06-27,Caitlin Whitaker,Punjab,Faisalabad
ORD1245,2024-06-28,Michael Sanchez,Azad Kashmir,Bagh
ORD1246,2024-06-28,Andrea Fitzgerald,Sindh,Sukkur
ORD1247,2024-06-29,Kathryn Kidd,Gilgit-Baltistan,Chilas
ORD1248,2024-06-30,Alexandra Castaneda,Gilgit-Baltistan,Hunza
ORD1249,2024-07-01,Derek Massey,Gilgit-Baltistan,Gilgit
ORD1250,2024-07-01,Aaron Rodriguez,Punjab,Faisalabad
ORD1251,2024-07-02,Jessica Freeman,Khyber Pakhtunkhwa,Swat
ORD1252,2024-07-03,Kelly Maddox,Balochistan,Quetta
ORD1253,2024-07-04,Tina Harris,Balochistan,Khuzdar
ORD1254,2024-07-04,Brianna Kelly,Khyber Pakhtunkhwa,Mardan
ORD1255,2024-07-05,Robert Washington,Azad Kashmir,Rawalakot
ORD1256,2024-07-06,Michael Casey,Khyber Pakhtunkhwa,Peshawar
ORD1257,2024-07-06,Andres Swanson,Sindh,Karachi
ORD1258,2024-07-07,Roberto Fernandez,Balochistan,Quetta
ORD1259,2024-07-08,Caitlin Smith,Punjab,Multan
ORD1260,2024-07-09,Derek Sweeney,Sindh,Larkana
ORD1261,2024-07-09,Michael Martinez,Gilgit-Baltistan,Chilas
ORD1262,2024-07-10,Ricardo Mitchell,Punjab,Gujranwala
ORD1263,2024-07-11,Nancy Cook,Balochistan,Quetta
ORD1264,2024-07-12,Joseph Johnson,Sindh,Mirpur Khas
ORD1265,2024-07-12,Stephanie Lee,Azad Kashmir,Rawalakot
ORD1266,2024-07-13,Ashley Wilson,Sindh,Larkana
ORD1267,2024-07-14,Adam Caldwell,Sindh,Karachi
ORD1268,2024-07-15,Anthony Davis,Balochistan,Gwadar
ORD1269,2024-07-15,Susan Murray,Punjab,Gujranwala
ORD1270,2024-07-16,Jill Bradley,Khyber Pakhtunkhwa,Peshawar
ORD1271,2024-07-17,Joshua Brown,Khyber Pakhtunkhwa,Kohat
ORD1272,2024-07-17,Claudia Juarez,Sindh,Larkana
ORD1273,2024-07-18,Nicholas Barron,Balochistan,Turbat
ORD1274,2024-07-19,Emily Watson,Balochistan,Sibi
ORD1275,2024-07-20,Michelle Lee,Balochistan,Khuzdar
ORD1276,2024-07-20,Guy Gutierrez,Khyber Pakhtunkhwa,Swat
ORD1277,2024-07-21,Elizabeth Sanchez,Balochistan,Gwadar
ORD1278,2024-07-22,Robert Dyer,Balochistan,Sibi
ORD1279,2024-07-23,Carl Guzman,Punjab,Multan
ORD1280,2024-07-23,Jennifer Daniel,Azad Kashmir,Rawalakot
ORD1281,2024-07-24,Catherine Evans,Azad Kashmir,Mirpur
ORD1282,2024-07-25,Justin Daniels,Azad Kashmir,Rawalakot
ORD1283,2024-07-26,Michelle Rose,Balochistan,Turbat
ORD1284,2024-07-26,Michael Mata,Azad Kashmir,Rawalakot
ORD1285,2024-07-27,Tammy Hansen,Sindh,Hyderabad
ORD1286,2024-07-28,Megan Williams,Punjab,Faisalabad
ORD1287,2024-07-28,Cynthia Anderson,Azad Kashmir,Bagh
ORD1288,2024-07-29,Alexis Mendoza,Azad Kashmir,Bagh
ORD1289,2024-07-30,Elizabeth Jones,Sindh,Hyderabad
ORD1290,2024-07-31,Daniel Kelley,Khyber Pakhtunkhwa,Peshawar
ORD1291,2024-07-31,Paul Schwartz,Gilgit-Baltistan,Skardu
ORD1292,2024-08-01,Marc Patterson,Gilgit-Baltistan,Skardu
ORD1293,2024-08-02,Elizabeth Lawrence,Khyber Pakhtunkhwa,Mardan
ORD1294,2024-08-03,Jamie Coleman,Sindh,Karachi
ORD1295,2024-08-03,Gary Rodriguez,Khyber Pakhtunkhwa,Peshawar
ORD1296,2024-08-04,Tammy Gutierrez,Khyber Pakhtunkhwa,Kohat
ORD1297,2024-08-05,Julia Page,Punjab,Lahore
ORD1298,2024-08-05,Nicholas Adams,Azad Kashmir,Muzaffarabad
ORD1299,2024-08-06,Marcus Hendricks,Punjab,Rawalpindi
ORD1300,2024-08-07,Teresa Brown,Khyber Pakhtunkhwa,Mardan
ORD1301,2024-08-08,Charles Grant,Khyber Pakhtunkhwa,Kohat
ORD1302,2024-08-08,Sarah Cooper,Khyber Pakhtunkhwa,Swat
ORD1303,2024-08-09,Andrew Moyer,Punjab,Gujranwala
ORD1304,2024-08-10,Lori Wells,Azad Kashmir,Bagh
ORD1305,2024-08-11,Sandra Daniel,Punjab,Lahore
ORD1306,2024-08-11,Tracie Wang,Punjab,Rawalpindi
ORD1307,2024-08-12,Cynthia Hughes,Khyber Pakhtunkhwa,Swat
ORD1308,2024-08-13,Andrew Garcia,Sindh,Mirpur Khas
ORD1309,2024-08-14,Alexander Frederick,Azad Kashmir,Mirpur
ORD1310,2024-08-14,Brian Cunningham,Sindh,Sukkur
ORD1311,2024-08-15,Julie Taylor,Punjab,Multan
ORD1312,2024-08-16,Ashlee Hayes,Gilgit-Baltistan,Skardu
ORD1313,2024-08-16,Maria Moore,Punjab,Faisalabad
ORD1314,2024-08-17,Cody Watts,Gilgit-Baltistan,Khaplu
ORD1315,2024-08-18,George Patton,Gilgit-Baltistan,Khaplu
ORD1316,2024-08-19,John Young,Khyber Pakhtunkhwa,Peshawar
ORD1317,2024-08-19,Kenneth Hansen,Azad Kashmir,Bagh
ORD1318,2024-08-20,Ronald Shaw,Sindh,Hyderabad
ORD1319,2024-08-21,Kyle Mills,Khyber Pakhtunkhwa,Kohat
ORD1320,2024-08-22,Kevin Thornton,Khyber Pakhtunkhwa,Peshawar
ORD1321,2024-08-22,Mary Watkins,Khyber Pakhtunkhwa,Mardan
ORD1322,2024-08-23,Troy Hernandez,Azad Kashmir,Kotli
ORD1323,2024-08-24,Molly Henderson,Khyber Pakhtunkhwa,Peshawar
ORD1324,2024-08-24,Ashley Ball,Sindh,Mirpur Khas
ORD1325,2024-08-25,Frank Williams,Punjab,Faisalabad
ORD1326,2024-08-26,Holly Cruz,Sindh,Karachi
ORD1327,2024-08-27,Kenneth Lewis,Azad Kashmir,Rawalakot
ORD1328,2024-08-27,Amanda Lopez,Balochistan,Gwadar
ORD1329,2024-08-28,Zachary Flowers,Balochistan,Khuzdar
ORD1330,2024-08-29,Rodney Sullivan,Punjab,Gujranwala
ORD1331,2024-08-30,Meghan Cruz,Gilgit-Baltistan,Hunza
ORD1332,2024-08-30,Donna Lopez,Balochistan,Turbat
ORD1333,2024-08-31,Jamie Reid,Khyber Pakhtunkhwa,Abbottabad
ORD1334,2024-09-01,Jessica Kennedy,Balochistan,Quetta
ORD1335,2024-09-02,Samantha Smith,Balochistan,Khuzdar
ORD1336,2024-09-02,David Woods,Azad Kashmir,Rawalakot
ORD1337,2024-09-03,Tammy Martinez,Punjab,Multan
ORD1338,2024-09-04,Kathleen Watkins,Balochistan,Turbat
ORD1339,2024-09-04,Larry Lester,Gilgit-Baltistan,Khaplu
ORD1340,2024-09-05,Sarah Johnson,Balochistan,Gwadar
ORD1341,2024-09-06,Mariah Johnson,Azad Kashmir,Bagh
ORD1342,2024-09-07,Kevin Rollins,Azad Kashmir,Kotli
ORD1343,2024-09-07,Logan Moore,Azad Kashmir,Mirpur
ORD1344,2024-09-08,Christine Martinez,Azad Kashmir,Muzaffarabad
ORD1345,2024-09-09,Anthony Rowe,Khyber Pakhtunkhwa,Mardan
ORD1346,2024-09-10,Crystal Gutierrez,Azad Kashmir,Mirpur
ORD1347,2024-09-10,Sheri Kelly,Sindh,Sukkur
ORD1348,2024-09-11,Brian Munoz,Balochistan,Quetta
ORD1349,2024-09-12,Jacob Lee,Balochistan,Gwadar
ORD1350,2024-09-13,Steven Morgan,Punjab,Gujranwala
ORD1351,2024-09-13,Samantha Fowler,Punjab,Gujranwala
ORD1352,2024-09-14,Jeff Gonzalez,Azad Kashmir,Rawalakot
ORD1353,2024-09-15,Matthew Jimenez,Gilgit-Baltistan,Chilas
ORD1354,2024-09-15,Michelle Taylor,Sindh,Mirpur Khas
ORD1355,2024-09-16,Karen Bruce,Azad Kashmir,Muzaffarabad
ORD1356,2024-09-17,Wanda Ballard,Balochistan,Sibi
ORD1357,2024-09-18,Nichole Richardson,Khyber Pakhtunkhwa,Peshawar
ORD1358,2024-09-18,Patricia Sims,Azad Kashmir,Kotli
ORD1359,2024-09-19,Alex Valenzuela,Punjab,Multan
ORD1360,2024-09-20,Phillip Allen,Khyber Pakhtunkhwa,Peshawar
ORD1361,2024-09-21,Cheryl Woodard,Azad Kashmir,Muzaffarabad
ORD1362,2024-09-21,Robin Gutierrez,Gilgit-Baltistan,Chilas
ORD1363,2024-09-22,Brian Harris,Azad Kashmir,Rawalakot
ORD1364,2024-09-23,Regina Saunders,Punjab,Multan
ORD1365,2024-09-23,Alexis Gilmore,Gilgit-Baltistan,Gilgit
ORD1366,2024-09-24,Donna Simmons,Sindh,Mirpur Khas
ORD1367,2024-09-25,Michael Johns,Azad Kashmir,Rawalakot
ORD1368,2024-09-26,David Thompson,Balochistan,Turbat
ORD1369,2024-09-26,Jonathan Rice,Gilgit-Baltistan,Gilgit
ORD1370,2024-09-27,Jessica Hawkins,Gilgit-Baltistan,Gilgit
ORD1371,2024-09-28,Erin Ramos,Azad Kashmir,Kotli
ORD1372,2024-09-29,Patrick Thomas,Azad Kashmir,Muzaffarabad
ORD1373,2024-09-29,Kevin Schultz,Balochistan,Turbat
ORD1374,2024-09-30,Cheryl Thompson,Sindh,Larkana
ORD1375,2024-10-01,Nicole Ortiz,Gilgit-Baltistan,Hunza
ORD1376,2024-10-02,Anne Short,Balochistan,Khuzdar
ORD1377,2024-10-02,Vanessa Perez,Khyber Pakhtunkhwa,Peshawar
ORD1378,2024-10-03,Katherine Randall,Azad Kashmir,Mirpur
ORD1379,2024-10-04,Kathryn Pittman,Sindh,Larkana
ORD1380,2024-10-04,Jean Holland,Sindh,Hyderabad
ORD1381,2024-10-05,Tina Carpenter,Punjab,Rawalpindi
ORD1382,2024-10-06,Lisa Strong,Azad Kashmir,Bagh
ORD1383,2024-10-07,Janice Ramos,Punjab,Gujranwala
ORD1384,2024-10-07,Robert Rowland,Sindh,Hyderabad
ORD1385,2024-10-08,Brian Johnson,Gilgit-Baltistan,Khaplu
ORD1386,2024-10-09,Anthony Hall,Azad Kashmir,Mirpur
ORD1387,2024-10-10,Laura Smith,Azad Kashmir,Kotli
ORD1388,2024-10-10,Dillon Morris,Khyber Pakhtunkhwa,Swat
ORD1389,2024-10-11,Christopher Johnson,Sindh,Karachi
ORD1390,2024-10-12,David Ford,Balochistan,Quetta
ORD1391,2024-10-13,William Sandoval,Gilgit-Baltistan,Gilgit
ORD1392,2024-10-13,Patrick Oconnell,Azad Kashmir,Bagh
ORD1393,2024-10-14,Ann Mclaughlin,Khyber Pakhtunkhwa,Mardan
ORD1394,2024-10-15,Rachel Reynolds,Khyber Pakhtunkhwa,Mardan
ORD1395,2024-10-15,Amy Dixon,Balochistan,Sibi
ORD1396,2024-10-16,Richard Schaefer,Punjab,Gujranwala
ORD1397,2024-10-17,Crystal Wilson,Gilgit-Baltistan,Gilgit
ORD1398,2024-10-18,David Carpenter,Azad Kashmir,Mirpur
ORD1399,2024-10-18,Timothy White,Gilgit-Baltistan,Hunza
ORD1400,2024-10-19,Joel Hicks,Sindh,Mirpur Khas
ORD1401,2024-10-20,Samantha Dickson,Azad Kashmir,Bagh
ORD1402,2024-10-21,Carol King,Azad Kashmir,Rawalakot
ORD1403,2024-10-21,Michael Guzman,Azad Kashmir,Rawalakot
ORD1404,2024-10-22,Maria Moody,Punjab,Rawalpindi
ORD1405,2024-10-23,Tristan Campbell,Gilgit-Baltistan,Hunza
ORD1406,2024-10-23,Kristina Berg,Gilgit-Baltistan,Skardu
ORD1407,2024-10-24,Kevin Burton,Balochistan,Turbat
ORD1408,2024-10-25,Brian Holmes,Balochistan,Quetta
ORD1409,2024-10-26,Karina Ruiz,Khyber Pakhtunkhwa,Mardan
ORD1410,2024-10-26,Brian Mitchell,Balochistan,Sibi
ORD1411,2024-10-27,Adam Swanson,Balochistan,Khuzdar
ORD1412,2024-10-28,Marie Curry,Khyber Pakhtunkhwa,Kohat
ORD1413,2024-10-29,Teresa Richardson,Punjab,Multan
ORD1414,2024-10-29,Justin Patel,Punjab,Rawalpindi
ORD1415,2024-10-30,Donna Calhoun,Balochistan,Khuzdar
ORD1416,2024-10-31,Melissa Watson,Khyber Pakhtunkhwa,Peshawar
ORD1417,2024-11-01,William Mcmillan,Balochistan,Quetta
ORD1418,2024-11-01,Sharon Rodriguez,Balochistan,Khuzdar
ORD1419,2024-11-02,Kelly Young,Punjab,Faisalabad
ORD1420,2024-11-03,Laurie Fowler,Punjab,Gujranwala
ORD1421,2024-11-03,Hayley Miller,Gilgit-Baltistan,Chilas
ORD1422,2024-11-04,David Cummings,Khyber Pakhtunkhwa,Abbottabad
ORD1423,2024-11-05,Patricia Carroll,Balochistan,Gwadar
ORD1424,2024-11-06,Justin Hughes,Gilgit-Baltistan,Chilas
ORD1425,2024-11-06,Alexander Johnson,Punjab,Faisalabad
ORD1426,2024-11-07,Bobby Berry,Sindh,Mirpur Khas
ORD1427,2024-11-08,Sarah Evans,Khyber Pakhtunkhwa,Peshawar
ORD1428,2024-11-09,Justin Price,Gilgit-Baltistan,Khaplu
ORD1429,2024-11-09,Justin Nixon,Azad Kashmir,Bagh
ORD1430,2024-11-10,Sherry Ryan,Gilgit-Baltistan,Skardu
ORD1431,2024-11-11,Shannon Miller,Balochistan,Sibi
ORD1432,2024-11-11,Kaitlyn Carter,Azad Kashmir,Bagh
ORD1433,2024-11-12,Gail Carr,Punjab,Rawalpindi
ORD1434,2024-11-13,Angela Lamb,Sindh,Karachi
ORD1435,2024-11-14,Juan Scott,Sindh,Sukkur
ORD1436,2024-11-14,Derrick Martinez,Sindh,Sukkur
ORD1437,2024-11-15,John Williams,Khyber Pakhtunkhwa,Abbottabad
ORD1438,2024-11-16,Stephanie Dennis,Balochistan,Turbat
ORD1439,2024-11-17,Angela Daniel,Azad Kashmir,Rawalakot
ORD1440,2024-11-17,Christopher Wilson,Sindh,Larkana
ORD1441,2024-11-18,Matthew Escobar,Sindh,Karachi
ORD1442,2024-11-19,Angela Calhoun,Balochistan,Gwadar
ORD1443,2024-11-20,James Myers,Gilgit-Baltistan,Khaplu
ORD1444,2024-11-20,Oscar Rodriguez,Khyber Pakhtunkhwa,Abbottabad
ORD1445,2024-11-21,Michael Willis,Punjab,Rawalpindi
ORD1446,2024-11-22,Maria Hahn,Balochistan,Turbat
ORD1447,2024-11-22,Melissa Edwards,Gilgit-Baltistan,Skardu
ORD1448,2024-11-23,Gabriela Jackson,Khyber Pakhtunkhwa,Abbottabad
ORD1449,2024-11-24,Jessica Walker,Gilgit-Baltistan,Gilgit
ORD1450,2024-11-25,Daniel Baker,Sindh,Hyderabad
ORD1451,2024-11-25,Alicia Olson,Gilgit-Baltistan,Skardu
ORD1452,2024-11-26,Nathan Hall,Azad Kashmir,Bagh
ORD1453,2024-11-27,Miguel Franco,Sindh,Karachi
ORD1454,2024-11-28,Robert Edwards,Balochistan,Sibi
ORD1455,2024-11-28,Gene Hooper,Punjab,Multan
ORD1456,2024-11-29,Stephen Harrison,Azad Kashmir,Rawalakot
ORD1457,2024-11-30,Michelle Gonzalez,Balochistan,Gwadar
ORD1458,2024-12-01,Christian Moran,Azad Kashmir,Kotli
ORD1459,2024-12-01,Nathaniel Murray,Khyber Pakhtunkhwa,Mardan
ORD1460,2024-12-02,Brian Cruz,Balochistan,Quetta
ORD1461,2024-12-03,Savannah Fuller,Balochistan,Turbat
ORD1462,2024-12-03,Shane Flores,Punjab,Faisalabad
ORD1463,2024-12-04,Nathaniel Smith,Azad Kashmir,Rawalakot
ORD1464,2024-12-05,Nicole Allen,Azad Kashmir,Rawalakot
ORD1465,2024-12-06,Carlos Lynch,Balochistan,Khuzdar
ORD1466,2024-12-06,Douglas Rivas,Balochistan,Quetta
ORD1467,2024-12-07,Daniel Woods,Azad Kashmir,Mirpur
ORD1468,2024-12-08,Tom Ortiz,Balochistan,Sibi
ORD1469,2024-12-09,Kenneth Banks,Azad Kashmir,Bagh
ORD1470,2024-12-09,Brittney Martin,Sindh,Sukkur
ORD1471,2024-12-10,Lorraine Roman,Azad Kashmir,Kotli
ORD1472,2024-12-11,Matthew Ingram,Gilgit-Baltistan,Chilas
ORD1473,2024-12-11,Bruce Carter,Balochistan,Turbat
ORD1474,2024-12-12,Russell Webb,Azad Kashmir,Muzaffarabad
ORD1475,2024-12-13,Mary David,Balochistan,Quetta
ORD1476,2024-12-14,Sarah Holland,Punjab,Gujranwala
ORD1477,2024-12-14,Caleb Bruce,Khyber Pakhtunkhwa,Peshawar
ORD1478,2024-12-15,Linda Morales,Balochistan,Sibi
ORD1479,2024-12-16,Mark Owens,Balochistan,Quetta
ORD1480,2024-12-17,Leonard Sullivan,Azad Kashmir,Muzaffarabad
ORD1481,2024-12-17,Mary Campbell,Sindh,Mirpur Khas
ORD1482,2024-12-18,Robert Blankenship,Sindh,Larkana
ORD1483,2024-12-19,Amy Thomas,Punjab,Gujranwala
ORD1484,2024-12-20,Jerry Williams,Sindh,Karachi
ORD1485,2024-12-20,Lynn Garcia,Sindh,Hyderabad
ORD1486,2024-12-21,Benjamin Roberts,Khyber Pakhtunkhwa,Abbottabad
ORD1487,2024-12-22,Kimberly Keller,Sindh,Hyderabad
ORD1488,2024-12-22,Billy Patrick,Punjab,Lahore
ORD1489,2024-12-23,Maurice Golden,Punjab,Gujranwala
ORD1490,2024-12-24,Cheryl Smith,Punjab,Rawalpindi
ORD1491,2024-12-25,Alan Delacruz,Punjab,Faisalabad
ORD1492,2024-12-25,Richard Castro,Punjab,Lahore
ORD1493,2024-12-26,Michael Sanchez,Khyber Pakhtunkhwa,Swat
ORD1494,2024-12-27,Sharon Beard,Azad Kashmir,Kotli
ORD1495,2024-12-28,Larry Murphy,Gilgit-Baltistan,Hunza
ORD1496,2024-12-28,Elizabeth Armstrong,Balochistan,Sibi
ORD1497,2024-12-29,Tony Flores,Punjab,Rawalpindi
ORD1498,2024-12-30,Chad Blake,Punjab,Rawalpindi
ORD1499,2024-12-31,David Nelson,Gilgit-Baltistan,Skardu
